strain,prop_reassortant
CA09,0.4375
CA09,0.73958333
CA09,0.92708333
CA09,0.04166667
HK68,0.16666667
HK68,0.04166667
HK68,0.78125
HK68,0.41666667
PAN99,0.4375
PAN99,0.61458333
PAN99,0.78125
PAN99,0.13541667
SI86,0.61458333
SI86,0.92708333
SI86,0.63541667
SI86,0.41666667
TX12,0.16666667
TX12,0.73958333
TX12,0.63541667
TX12,0.13541667